mz	intensity	rel.intensity	exactmass	formula	ionization
57.033700	25207.00	0.55	57.033491	C3H4O	[M + H]+
67.029340	78926.00	1.74	67.029075	C3H2N2	[M + H]+
92.024120	154254.00	3.39	92.024323	C4HN3	[M + H]+
94.039940	100054.00	2.20	94.039974	C4H3N3	[M + H]+
112.050830	24884.00	0.55	112.050538	C4H5N3O	[M + H]+
119.033550	479653.00	10.55	119.033885	C4H6O4	[M + H]+
137.045430	245583.00	5.40	137.044450	C4H8O5	[M + H]+
268.104640	95617.00	2.10	268.105684	C8H18N3O5P	[M + H]+
