inchikey2D	inchi	molecularFormula	rank	score	name	smiles	xlogp	PubMedIds	links	tanimotoSimilarity	dbflags
WCLMHUXSBYYJJX	InChI=1S/C9H8ClF2N3O4/c10-7-6(15(18)19)5(1-2-13-7)8(17)14-3-9(11,12)4-16/h1-2,16H,3-4H2,(H,14,17)	C9H8ClF2N3O4	1	-366.39421500426766	null	C1=CN=C(C(=C1C(=O)NCC(CO)(F)F)[N+](=O)[O-])Cl	0.899999976		PubChem:(104862738)	0.48125	2
CSIXNTCUJPHWFA	InChI=1S/C9H8ClF2N3O4/c10-7-1-5(6(2-13-7)15(18)19)8(17)14-3-9(11,12)4-16/h1-2,16H,3-4H2,(H,14,17)	C9H8ClF2N3O4	2	-373.81234825610073	null	C1=C(C(=CN=C1Cl)[N+](=O)[O-])C(=O)NCC(CO)(F)F	0.899999976		PubChem:(104862878)	0.484375	2
INRJOMCFUKCEHM	InChI=1S/C9H8ClF2N3O4/c10-7-6(15(18)19)4(1-2-13-7)9(17)14-3-5(16)8(11)12/h1-2,5,8,16H,3H2,(H,14,17)	C9H8ClF2N3O4	3	-388.8810527273712	null	C1=CN=C(C(=C1C(=O)NCC(C(F)F)O)[N+](=O)[O-])Cl	1.20000005		PubChem:(103770039)	0.4891640866873065	2
IZAWEHQHODLETR	InChI=1S/C9H8ClF2N3O4/c10-7-6(1-5(2-13-7)15(18)19)8(17)14-3-9(11,12)4-16/h1-2,16H,3-4H2,(H,14,17)	C9H8ClF2N3O4	4	-394.0102370161438	null	C1=C(C=NC(=C1C(=O)NCC(CO)(F)F)Cl)[N+](=O)[O-]	0.899999976		PubChem:(106168103)	0.47530864197530864	2
XLFSUXGIEOOLED	InChI=1S/C9H8ClF2N3O4/c10-7-1-4(5(2-13-7)15(18)19)9(17)14-3-6(16)8(11)12/h1-2,6,8,16H,3H2,(H,14,17)	C9H8ClF2N3O4	5	-396.29918597920425	null	C1=C(C(=CN=C1Cl)[N+](=O)[O-])C(=O)NCC(C(F)F)O	1.20000005		PubChem:(103770535)	0.49226006191950467	2
XBANOFUKHMKHRP	InChI=1S/C9H8ClF2N3O4/c10-7-5(1-4(2-13-7)15(18)19)9(17)14-3-6(16)8(11)12/h1-2,6,8,16H,3H2,(H,14,17)	C9H8ClF2N3O4	6	-416.49707473924775	null	C1=C(C=NC(=C1C(=O)NCC(C(F)F)O)Cl)[N+](=O)[O-]	1.20000005		PubChem:(105644674)	0.4831804281345566	2
