mz	intensity	rel.intensity	exactmass	formula	ionization
250.020480	91433.00	100.00	250.021120	C11H9N3S	[M + Cl]-
294.010160	0.00	0.00	294.010949	C12H9N3O2S	[M + Cl]-
