mz	intensity	rel.intensity	exactmass	formula	ionization
250.020480	91433.00	100.00	250.019402	C12H10NOP	[M + Cl]-
294.010160	0.00	0.00	294.009231	C13H10NO3P	[M + Cl]-
