mz	intensity	rel.intensity	exactmass	formula	ionization
250.020480	91433.00	100.00	250.019578	C13H11Cl2N	[M - H]-
294.010160	0.00	0.00	294.009407	C14H11Cl2NO2	[M - H]-
