mz	intensity	rel.intensity	exactmass	formula	ionization
250.020480	91433.00	100.00	250.019662	C7H14BrN3O2	[M - H]-
294.010160	0.00	0.00	294.009492	C8H14BrN3O4	[M - H]-
