mz	intensity	rel.intensity	exactmass	formula	ionization
250.020480	91433.00	100.00	250.020034	C8H7F2N3O2	[M + Cl]-
294.010160	0.00	0.00	294.009863	C9H7F2N3O4	[M + Cl]-
