mz	intensity	rel.intensity	exactmass	formula	ionization
250.020480	91433.00	100.00	250.019578	C13H10ClN	[M + Cl]-
294.010160	0.00	0.00	294.009407	C14H10ClNO2	[M + Cl]-
