mz	intensity	rel.intensity	exactmass	formula	ionization
250.020480	91433.00	100.00	250.019359	C13H5BO5	[M - H]-
294.010160	0.00	0.00	294.009188	C14H5BO7	[M - H]-
