mz	intensity	rel.intensity	exactmass	formula	ionization
250.020480	91433.00	100.00	250.019662	C7H13N3O2	[M + Br]-
294.010160	0.00	0.00	294.009492	C8H13N3O4	[M + Br]-
