mz	intensity	rel.intensity	exactmass	formula	ionization
250.020480	91433.00	100.00	250.021323	C8H13NO4S2	[M - H]-
294.010160	0.00	0.00	294.011153	C9H13NO6S2	[M - H]-
