mz	intensity	rel.intensity	exactmass	formula	ionization
99.005020	5857.00	6.41	99.005180	C5H2F2	[M - H]-
250.020480	91433.00	100.00	250.020034	C8H8ClF2N3O2	[M - H]-
294.010160	0.00	0.00	294.009863	C9H8ClF2N3O4	[M - H]-
