mz	intensity	rel.intensity	exactmass	formula	ionization
57.033700	25207.00	0.55	57.033491	C3H4O	[M + H]+
119.033550	479653.00	10.55	119.033885	C4H6O4	[M + H]+
136.062040	4545056.00	100.00	136.062426	CH4B3F3O2	[M + H]+
137.045430	245583.00	5.40	137.044450	C4H8O5	[M + H]+
268.104640	95617.00	2.10	268.104685	C6H12B3F3O6	[M + H]+
