mz	intensity	rel.intensity	exactmass	formula	ionization
67.029340	78926.00	1.74	67.029075	C3H2N2	[M + H]+
92.024120	154254.00	3.39	92.024323	C4HN3	[M + H]+
94.039940	100054.00	2.20	94.039974	C4H3N3	[M + H]+
119.033550	479653.00	10.55	119.032817	C3H4N4	[M + Na]+
109.051160	39289.00	0.86	109.050873	C4H4N4	[M + H]+
136.062040	4545056.00	100.00	136.061772	C5H5N5	[M + H]+
268.104640	95617.00	2.10	268.104792	C8H16ClN7	[M + Na]+
